video_path,label
C:\Users\Yash\Desktop\CS\Projects\AIGeneratedVideoDetection\data\AEGIS\hard_test_set_video\test_data\ai_gen\kling\001.mp4,fake
C:\Users\Yash\Desktop\CS\Projects\AIGeneratedVideoDetection\data\AEGIS\hard_test_set_video\test_data\ai_gen\kling\002.mp4,fake
C:\Users\Yash\Desktop\CS\Projects\AIGeneratedVideoDetection\data\AEGIS\hard_test_set_video\test_data\ai_gen\kling\003.mp4,fake
C:\Users\Yash\Desktop\CS\Projects\AIGeneratedVideoDetection\data\AEGIS\hard_test_set_video\test_data\ai_gen\kling\004.mp4,fake
C:\Users\Yash\Desktop\CS\Projects\AIGeneratedVideoDetection\data\AEGIS\hard_test_set_video\test_data\ai_gen\kling\005.mp4,fake
C:\Users\Yash\Desktop\CS\Projects\AIGeneratedVideoDetection\data\AEGIS\hard_test_set_video\test_data\ai_gen\kling\006.mp4,fake
C:\Users\Yash\Desktop\CS\Projects\AIGeneratedVideoDetection\data\AEGIS\hard_test_set_video\test_data\ai_gen\kling\007.mp4,fake
C:\Users\Yash\Desktop\CS\Projects\AIGeneratedVideoDetection\data\AEGIS\hard_test_set_video\test_data\ai_gen\kling\008.mp4,fake
C:\Users\Yash\Desktop\CS\Projects\AIGeneratedVideoDetection\data\AEGIS\hard_test_set_video\test_data\ai_gen\kling\009.mp4,fake
C:\Users\Yash\Desktop\CS\Projects\AIGeneratedVideoDetection\data\AEGIS\hard_test_set_video\test_data\ai_gen\kling\010.mp4,fake
C:\Users\Yash\Desktop\CS\Projects\AIGeneratedVideoDetection\data\AEGIS\hard_test_set_video\test_data\ai_gen\kling\011.mp4,fake
C:\Users\Yash\Desktop\CS\Projects\AIGeneratedVideoDetection\data\AEGIS\hard_test_set_video\test_data\ai_gen\kling\012.mp4,fake
C:\Users\Yash\Desktop\CS\Projects\AIGeneratedVideoDetection\data\AEGIS\hard_test_set_video\test_data\ai_gen\kling\013.mp4,fake
C:\Users\Yash\Desktop\CS\Projects\AIGeneratedVideoDetection\data\AEGIS\hard_test_set_video\test_data\ai_gen\kling\014.mp4,fake
C:\Users\Yash\Desktop\CS\Projects\AIGeneratedVideoDetection\data\AEGIS\hard_test_set_video\test_data\ai_gen\kling\015.mp4,fake
C:\Users\Yash\Desktop\CS\Projects\AIGeneratedVideoDetection\data\AEGIS\hard_test_set_video\test_data\ai_gen\kling\016.mp4,fake
C:\Users\Yash\Desktop\CS\Projects\AIGeneratedVideoDetection\data\AEGIS\hard_test_set_video\test_data\ai_gen\kling\017.mp4,fake
C:\Users\Yash\Desktop\CS\Projects\AIGeneratedVideoDetection\data\AEGIS\hard_test_set_video\test_data\ai_gen\kling\018.mp4,fake
C:\Users\Yash\Desktop\CS\Projects\AIGeneratedVideoDetection\data\AEGIS\hard_test_set_video\test_data\ai_gen\kling\019.mp4,fake
C:\Users\Yash\Desktop\CS\Projects\AIGeneratedVideoDetection\data\AEGIS\hard_test_set_video\test_data\ai_gen\kling\020.mp4,fake
C:\Users\Yash\Desktop\CS\Projects\AIGeneratedVideoDetection\data\AEGIS\hard_test_set_video\test_data\ai_gen\kling\021.mp4,fake
C:\Users\Yash\Desktop\CS\Projects\AIGeneratedVideoDetection\data\AEGIS\hard_test_set_video\test_data\ai_gen\kling\022.mp4,fake
C:\Users\Yash\Desktop\CS\Projects\AIGeneratedVideoDetection\data\AEGIS\hard_test_set_video\test_data\ai_gen\kling\023.mp4,fake
C:\Users\Yash\Desktop\CS\Projects\AIGeneratedVideoDetection\data\AEGIS\hard_test_set_video\test_data\ai_gen\kling\024.mp4,fake
C:\Users\Yash\Desktop\CS\Projects\AIGeneratedVideoDetection\data\AEGIS\hard_test_set_video\test_data\ai_gen\kling\025.mp4,fake
C:\Users\Yash\Desktop\CS\Projects\AIGeneratedVideoDetection\data\AEGIS\hard_test_set_video\test_data\ai_gen\kling\026.mp4,fake
C:\Users\Yash\Desktop\CS\Projects\AIGeneratedVideoDetection\data\AEGIS\hard_test_set_video\test_data\ai_gen\kling\027.mp4,fake
C:\Users\Yash\Desktop\CS\Projects\AIGeneratedVideoDetection\data\AEGIS\hard_test_set_video\test_data\ai_gen\kling\028.mp4,fake
C:\Users\Yash\Desktop\CS\Projects\AIGeneratedVideoDetection\data\AEGIS\hard_test_set_video\test_data\ai_gen\kling\029.mp4,fake
C:\Users\Yash\Desktop\CS\Projects\AIGeneratedVideoDetection\data\AEGIS\hard_test_set_video\test_data\ai_gen\kling\030.mp4,fake
C:\Users\Yash\Desktop\CS\Projects\AIGeneratedVideoDetection\data\AEGIS\hard_test_set_video\test_data\ai_gen\kling\031.mp4,fake
C:\Users\Yash\Desktop\CS\Projects\AIGeneratedVideoDetection\data\AEGIS\hard_test_set_video\test_data\ai_gen\kling\032.mp4,fake
C:\Users\Yash\Desktop\CS\Projects\AIGeneratedVideoDetection\data\AEGIS\hard_test_set_video\test_data\ai_gen\kling\033.mp4,fake
C:\Users\Yash\Desktop\CS\Projects\AIGeneratedVideoDetection\data\AEGIS\hard_test_set_video\test_data\ai_gen\kling\034.mp4,fake
C:\Users\Yash\Desktop\CS\Projects\AIGeneratedVideoDetection\data\AEGIS\hard_test_set_video\test_data\ai_gen\kling\035.mp4,fake
C:\Users\Yash\Desktop\CS\Projects\AIGeneratedVideoDetection\data\AEGIS\hard_test_set_video\test_data\ai_gen\kling\036.mp4,fake
C:\Users\Yash\Desktop\CS\Projects\AIGeneratedVideoDetection\data\AEGIS\hard_test_set_video\test_data\ai_gen\kling\037.mp4,fake
C:\Users\Yash\Desktop\CS\Projects\AIGeneratedVideoDetection\data\AEGIS\hard_test_set_video\test_data\ai_gen\kling\038.mp4,fake
C:\Users\Yash\Desktop\CS\Projects\AIGeneratedVideoDetection\data\AEGIS\hard_test_set_video\test_data\ai_gen\kling\039.mp4,fake
C:\Users\Yash\Desktop\CS\Projects\AIGeneratedVideoDetection\data\AEGIS\hard_test_set_video\test_data\ai_gen\kling\040.mp4,fake
C:\Users\Yash\Desktop\CS\Projects\AIGeneratedVideoDetection\data\AEGIS\hard_test_set_video\test_data\ai_gen\kling\041.mp4,fake
C:\Users\Yash\Desktop\CS\Projects\AIGeneratedVideoDetection\data\AEGIS\hard_test_set_video\test_data\ai_gen\kling\042.mp4,fake
C:\Users\Yash\Desktop\CS\Projects\AIGeneratedVideoDetection\data\AEGIS\hard_test_set_video\test_data\ai_gen\kling\043.mp4,fake
C:\Users\Yash\Desktop\CS\Projects\AIGeneratedVideoDetection\data\AEGIS\hard_test_set_video\test_data\ai_gen\kling\044.mp4,fake
C:\Users\Yash\Desktop\CS\Projects\AIGeneratedVideoDetection\data\AEGIS\hard_test_set_video\test_data\ai_gen\kling\045.mp4,fake
C:\Users\Yash\Desktop\CS\Projects\AIGeneratedVideoDetection\data\AEGIS\hard_test_set_video\test_data\ai_gen\kling\046.mp4,fake
C:\Users\Yash\Desktop\CS\Projects\AIGeneratedVideoDetection\data\AEGIS\hard_test_set_video\test_data\ai_gen\kling\047.mp4,fake
C:\Users\Yash\Desktop\CS\Projects\AIGeneratedVideoDetection\data\AEGIS\hard_test_set_video\test_data\ai_gen\kling\048.mp4,fake
C:\Users\Yash\Desktop\CS\Projects\AIGeneratedVideoDetection\data\AEGIS\hard_test_set_video\test_data\ai_gen\kling\049.mp4,fake
C:\Users\Yash\Desktop\CS\Projects\AIGeneratedVideoDetection\data\AEGIS\hard_test_set_video\test_data\ai_gen\kling\050.mp4,fake
C:\Users\Yash\Desktop\CS\Projects\AIGeneratedVideoDetection\data\AEGIS\hard_test_set_video\test_data\ai_gen\kling\051.mp4,fake
C:\Users\Yash\Desktop\CS\Projects\AIGeneratedVideoDetection\data\AEGIS\hard_test_set_video\test_data\ai_gen\kling\052.mp4,fake
C:\Users\Yash\Desktop\CS\Projects\AIGeneratedVideoDetection\data\AEGIS\hard_test_set_video\test_data\ai_gen\kling\053.mp4,fake
C:\Users\Yash\Desktop\CS\Projects\AIGeneratedVideoDetection\data\AEGIS\hard_test_set_video\test_data\ai_gen\kling\054.mp4,fake
C:\Users\Yash\Desktop\CS\Projects\AIGeneratedVideoDetection\data\AEGIS\hard_test_set_video\test_data\ai_gen\kling\055.mp4,fake
C:\Users\Yash\Desktop\CS\Projects\AIGeneratedVideoDetection\data\AEGIS\hard_test_set_video\test_data\ai_gen\kling\056.mp4,fake
C:\Users\Yash\Desktop\CS\Projects\AIGeneratedVideoDetection\data\AEGIS\hard_test_set_video\test_data\ai_gen\kling\057.mp4,fake
C:\Users\Yash\Desktop\CS\Projects\AIGeneratedVideoDetection\data\AEGIS\hard_test_set_video\test_data\ai_gen\kling\058.mp4,fake
C:\Users\Yash\Desktop\CS\Projects\AIGeneratedVideoDetection\data\AEGIS\hard_test_set_video\test_data\ai_gen\kling\059.mp4,fake
C:\Users\Yash\Desktop\CS\Projects\AIGeneratedVideoDetection\data\AEGIS\hard_test_set_video\test_data\ai_gen\kling\060.mp4,fake
C:\Users\Yash\Desktop\CS\Projects\AIGeneratedVideoDetection\data\AEGIS\hard_test_set_video\test_data\ai_gen\kling\061.mp4,fake
C:\Users\Yash\Desktop\CS\Projects\AIGeneratedVideoDetection\data\AEGIS\hard_test_set_video\test_data\ai_gen\kling\062.mp4,fake
C:\Users\Yash\Desktop\CS\Projects\AIGeneratedVideoDetection\data\AEGIS\hard_test_set_video\test_data\ai_gen\kling\064.mp4,fake
C:\Users\Yash\Desktop\CS\Projects\AIGeneratedVideoDetection\data\AEGIS\hard_test_set_video\test_data\ai_gen\kling\065.mp4,fake
C:\Users\Yash\Desktop\CS\Projects\AIGeneratedVideoDetection\data\AEGIS\hard_test_set_video\test_data\ai_gen\kling\066.mp4,fake
C:\Users\Yash\Desktop\CS\Projects\AIGeneratedVideoDetection\data\AEGIS\hard_test_set_video\test_data\ai_gen\kling\067.mp4,fake
C:\Users\Yash\Desktop\CS\Projects\AIGeneratedVideoDetection\data\AEGIS\hard_test_set_video\test_data\ai_gen\kling\068.mp4,fake
C:\Users\Yash\Desktop\CS\Projects\AIGeneratedVideoDetection\data\AEGIS\hard_test_set_video\test_data\ai_gen\kling\069.mp4,fake
C:\Users\Yash\Desktop\CS\Projects\AIGeneratedVideoDetection\data\AEGIS\hard_test_set_video\test_data\ai_gen\kling\070.mp4,fake
C:\Users\Yash\Desktop\CS\Projects\AIGeneratedVideoDetection\data\AEGIS\hard_test_set_video\test_data\ai_gen\kling\071.mp4,fake
C:\Users\Yash\Desktop\CS\Projects\AIGeneratedVideoDetection\data\AEGIS\hard_test_set_video\test_data\ai_gen\kling\072.mp4,fake
C:\Users\Yash\Desktop\CS\Projects\AIGeneratedVideoDetection\data\AEGIS\hard_test_set_video\test_data\ai_gen\kling\073.mp4,fake
C:\Users\Yash\Desktop\CS\Projects\AIGeneratedVideoDetection\data\AEGIS\hard_test_set_video\test_data\ai_gen\kling\074.mp4,fake
C:\Users\Yash\Desktop\CS\Projects\AIGeneratedVideoDetection\data\AEGIS\hard_test_set_video\test_data\ai_gen\kling\075.mp4,fake
C:\Users\Yash\Desktop\CS\Projects\AIGeneratedVideoDetection\data\AEGIS\hard_test_set_video\test_data\ai_gen\kling\076.mp4,fake
C:\Users\Yash\Desktop\CS\Projects\AIGeneratedVideoDetection\data\AEGIS\hard_test_set_video\test_data\ai_gen\kling\077.mp4,fake
C:\Users\Yash\Desktop\CS\Projects\AIGeneratedVideoDetection\data\AEGIS\hard_test_set_video\test_data\ai_gen\kling\078.mp4,fake
C:\Users\Yash\Desktop\CS\Projects\AIGeneratedVideoDetection\data\AEGIS\hard_test_set_video\test_data\ai_gen\kling\079.mp4,fake
C:\Users\Yash\Desktop\CS\Projects\AIGeneratedVideoDetection\data\AEGIS\hard_test_set_video\test_data\ai_gen\kling\080.mp4,fake
C:\Users\Yash\Desktop\CS\Projects\AIGeneratedVideoDetection\data\AEGIS\hard_test_set_video\test_data\ai_gen\kling\081.mp4,fake
C:\Users\Yash\Desktop\CS\Projects\AIGeneratedVideoDetection\data\AEGIS\hard_test_set_video\test_data\ai_gen\kling\082.mp4,fake
C:\Users\Yash\Desktop\CS\Projects\AIGeneratedVideoDetection\data\AEGIS\hard_test_set_video\test_data\ai_gen\kling\083.mp4,fake
C:\Users\Yash\Desktop\CS\Projects\AIGeneratedVideoDetection\data\AEGIS\hard_test_set_video\test_data\ai_gen\kling\084.mp4,fake
C:\Users\Yash\Desktop\CS\Projects\AIGeneratedVideoDetection\data\AEGIS\hard_test_set_video\test_data\ai_gen\kling\085.mp4,fake
C:\Users\Yash\Desktop\CS\Projects\AIGeneratedVideoDetection\data\AEGIS\hard_test_set_video\test_data\ai_gen\kling\086.mp4,fake
C:\Users\Yash\Desktop\CS\Projects\AIGeneratedVideoDetection\data\AEGIS\hard_test_set_video\test_data\ai_gen\kling\087.mp4,fake
C:\Users\Yash\Desktop\CS\Projects\AIGeneratedVideoDetection\data\AEGIS\hard_test_set_video\test_data\ai_gen\kling\088.mp4,fake
C:\Users\Yash\Desktop\CS\Projects\AIGeneratedVideoDetection\data\AEGIS\hard_test_set_video\test_data\ai_gen\kling\089.mp4,fake
C:\Users\Yash\Desktop\CS\Projects\AIGeneratedVideoDetection\data\AEGIS\hard_test_set_video\test_data\ai_gen\kling\090.mp4,fake
C:\Users\Yash\Desktop\CS\Projects\AIGeneratedVideoDetection\data\AEGIS\hard_test_set_video\test_data\ai_gen\kling\091.mp4,fake
C:\Users\Yash\Desktop\CS\Projects\AIGeneratedVideoDetection\data\AEGIS\hard_test_set_video\test_data\ai_gen\kling\092.mp4,fake
C:\Users\Yash\Desktop\CS\Projects\AIGeneratedVideoDetection\data\AEGIS\hard_test_set_video\test_data\ai_gen\kling\094.mp4,fake
C:\Users\Yash\Desktop\CS\Projects\AIGeneratedVideoDetection\data\AEGIS\hard_test_set_video\test_data\ai_gen\kling\095.mp4,fake
C:\Users\Yash\Desktop\CS\Projects\AIGeneratedVideoDetection\data\AEGIS\hard_test_set_video\test_data\ai_gen\kling\096.mp4,fake
C:\Users\Yash\Desktop\CS\Projects\AIGeneratedVideoDetection\data\AEGIS\hard_test_set_video\test_data\ai_gen\kling\097.mp4,fake
C:\Users\Yash\Desktop\CS\Projects\AIGeneratedVideoDetection\data\AEGIS\hard_test_set_video\test_data\ai_gen\kling\098.mp4,fake
C:\Users\Yash\Desktop\CS\Projects\AIGeneratedVideoDetection\data\AEGIS\hard_test_set_video\test_data\ai_gen\kling\099.mp4,fake
C:\Users\Yash\Desktop\CS\Projects\AIGeneratedVideoDetection\data\AEGIS\hard_test_set_video\test_data\ai_gen\kling\100.mp4,fake
C:\Users\Yash\Desktop\CS\Projects\AIGeneratedVideoDetection\data\AEGIS\hard_test_set_video\test_data\ai_gen\kling\104.mp4,fake
C:\Users\Yash\Desktop\CS\Projects\AIGeneratedVideoDetection\data\AEGIS\hard_test_set_video\test_data\ai_gen\kling\105.mp4,fake
C:\Users\Yash\Desktop\CS\Projects\AIGeneratedVideoDetection\data\AEGIS\hard_test_set_video\test_data\ai_gen\kling\106.mp4,fake
C:\Users\Yash\Desktop\CS\Projects\AIGeneratedVideoDetection\data\AEGIS\hard_test_set_video\test_data\ai_gen\kling\107.mp4,fake
C:\Users\Yash\Desktop\CS\Projects\AIGeneratedVideoDetection\data\AEGIS\hard_test_set_video\test_data\ai_gen\kling\108.mp4,fake
C:\Users\Yash\Desktop\CS\Projects\AIGeneratedVideoDetection\data\AEGIS\hard_test_set_video\test_data\ai_gen\kling\109.mp4,fake
C:\Users\Yash\Desktop\CS\Projects\AIGeneratedVideoDetection\data\AEGIS\hard_test_set_video\test_data\ai_gen\kling\110.mp4,fake
C:\Users\Yash\Desktop\CS\Projects\AIGeneratedVideoDetection\data\AEGIS\hard_test_set_video\test_data\ai_gen\kling\111.mp4,fake
C:\Users\Yash\Desktop\CS\Projects\AIGeneratedVideoDetection\data\AEGIS\hard_test_set_video\test_data\ai_gen\kling\112.mp4,fake
C:\Users\Yash\Desktop\CS\Projects\AIGeneratedVideoDetection\data\AEGIS\hard_test_set_video\test_data\ai_gen\kling\113.mp4,fake
C:\Users\Yash\Desktop\CS\Projects\AIGeneratedVideoDetection\data\AEGIS\hard_test_set_video\test_data\ai_gen\kling\114.mp4,fake
C:\Users\Yash\Desktop\CS\Projects\AIGeneratedVideoDetection\data\AEGIS\hard_test_set_video\test_data\ai_gen\kling\115.mp4,fake
C:\Users\Yash\Desktop\CS\Projects\AIGeneratedVideoDetection\data\AEGIS\hard_test_set_video\test_data\ai_gen\kling\116.mp4,fake
C:\Users\Yash\Desktop\CS\Projects\AIGeneratedVideoDetection\data\AEGIS\hard_test_set_video\test_data\ai_gen\sora\1.mp4,fake
C:\Users\Yash\Desktop\CS\Projects\AIGeneratedVideoDetection\data\AEGIS\hard_test_set_video\test_data\ai_gen\sora\10.mp4,fake
C:\Users\Yash\Desktop\CS\Projects\AIGeneratedVideoDetection\data\AEGIS\hard_test_set_video\test_data\ai_gen\sora\100.mp4,fake
C:\Users\Yash\Desktop\CS\Projects\AIGeneratedVideoDetection\data\AEGIS\hard_test_set_video\test_data\ai_gen\sora\101.mp4,fake
C:\Users\Yash\Desktop\CS\Projects\AIGeneratedVideoDetection\data\AEGIS\hard_test_set_video\test_data\ai_gen\sora\102.mp4,fake
C:\Users\Yash\Desktop\CS\Projects\AIGeneratedVideoDetection\data\AEGIS\hard_test_set_video\test_data\ai_gen\sora\103.mp4,fake
C:\Users\Yash\Desktop\CS\Projects\AIGeneratedVideoDetection\data\AEGIS\hard_test_set_video\test_data\ai_gen\sora\104.mp4,fake
C:\Users\Yash\Desktop\CS\Projects\AIGeneratedVideoDetection\data\AEGIS\hard_test_set_video\test_data\ai_gen\sora\105.mp4,fake
C:\Users\Yash\Desktop\CS\Projects\AIGeneratedVideoDetection\data\AEGIS\hard_test_set_video\test_data\ai_gen\sora\106.mp4,fake
C:\Users\Yash\Desktop\CS\Projects\AIGeneratedVideoDetection\data\AEGIS\hard_test_set_video\test_data\ai_gen\sora\107.mp4,fake
C:\Users\Yash\Desktop\CS\Projects\AIGeneratedVideoDetection\data\AEGIS\hard_test_set_video\test_data\ai_gen\sora\108.mp4,fake
C:\Users\Yash\Desktop\CS\Projects\AIGeneratedVideoDetection\data\AEGIS\hard_test_set_video\test_data\ai_gen\sora\109.mp4,fake
C:\Users\Yash\Desktop\CS\Projects\AIGeneratedVideoDetection\data\AEGIS\hard_test_set_video\test_data\ai_gen\sora\11.mp4,fake
C:\Users\Yash\Desktop\CS\Projects\AIGeneratedVideoDetection\data\AEGIS\hard_test_set_video\test_data\ai_gen\sora\110.mp4,fake
C:\Users\Yash\Desktop\CS\Projects\AIGeneratedVideoDetection\data\AEGIS\hard_test_set_video\test_data\ai_gen\sora\111.mp4,fake
C:\Users\Yash\Desktop\CS\Projects\AIGeneratedVideoDetection\data\AEGIS\hard_test_set_video\test_data\ai_gen\sora\112.mp4,fake
C:\Users\Yash\Desktop\CS\Projects\AIGeneratedVideoDetection\data\AEGIS\hard_test_set_video\test_data\ai_gen\sora\113.mp4,fake
C:\Users\Yash\Desktop\CS\Projects\AIGeneratedVideoDetection\data\AEGIS\hard_test_set_video\test_data\ai_gen\sora\115.mp4,fake
C:\Users\Yash\Desktop\CS\Projects\AIGeneratedVideoDetection\data\AEGIS\hard_test_set_video\test_data\ai_gen\sora\12.mp4,fake
C:\Users\Yash\Desktop\CS\Projects\AIGeneratedVideoDetection\data\AEGIS\hard_test_set_video\test_data\ai_gen\sora\13.mp4,fake
C:\Users\Yash\Desktop\CS\Projects\AIGeneratedVideoDetection\data\AEGIS\hard_test_set_video\test_data\ai_gen\sora\14.mp4,fake
C:\Users\Yash\Desktop\CS\Projects\AIGeneratedVideoDetection\data\AEGIS\hard_test_set_video\test_data\ai_gen\sora\15.mp4,fake
C:\Users\Yash\Desktop\CS\Projects\AIGeneratedVideoDetection\data\AEGIS\hard_test_set_video\test_data\ai_gen\sora\16.mp4,fake
C:\Users\Yash\Desktop\CS\Projects\AIGeneratedVideoDetection\data\AEGIS\hard_test_set_video\test_data\ai_gen\sora\17.mp4,fake
C:\Users\Yash\Desktop\CS\Projects\AIGeneratedVideoDetection\data\AEGIS\hard_test_set_video\test_data\ai_gen\sora\18.mp4,fake
C:\Users\Yash\Desktop\CS\Projects\AIGeneratedVideoDetection\data\AEGIS\hard_test_set_video\test_data\ai_gen\sora\19.mp4,fake
C:\Users\Yash\Desktop\CS\Projects\AIGeneratedVideoDetection\data\AEGIS\hard_test_set_video\test_data\ai_gen\sora\2.mp4,fake
C:\Users\Yash\Desktop\CS\Projects\AIGeneratedVideoDetection\data\AEGIS\hard_test_set_video\test_data\ai_gen\sora\20.mp4,fake
C:\Users\Yash\Desktop\CS\Projects\AIGeneratedVideoDetection\data\AEGIS\hard_test_set_video\test_data\ai_gen\sora\21.mp4,fake
C:\Users\Yash\Desktop\CS\Projects\AIGeneratedVideoDetection\data\AEGIS\hard_test_set_video\test_data\ai_gen\sora\22.mp4,fake
C:\Users\Yash\Desktop\CS\Projects\AIGeneratedVideoDetection\data\AEGIS\hard_test_set_video\test_data\ai_gen\sora\23.mp4,fake
C:\Users\Yash\Desktop\CS\Projects\AIGeneratedVideoDetection\data\AEGIS\hard_test_set_video\test_data\ai_gen\sora\24.mp4,fake
C:\Users\Yash\Desktop\CS\Projects\AIGeneratedVideoDetection\data\AEGIS\hard_test_set_video\test_data\ai_gen\sora\25.mp4,fake
C:\Users\Yash\Desktop\CS\Projects\AIGeneratedVideoDetection\data\AEGIS\hard_test_set_video\test_data\ai_gen\sora\26.mp4,fake
C:\Users\Yash\Desktop\CS\Projects\AIGeneratedVideoDetection\data\AEGIS\hard_test_set_video\test_data\ai_gen\sora\27.mp4,fake
C:\Users\Yash\Desktop\CS\Projects\AIGeneratedVideoDetection\data\AEGIS\hard_test_set_video\test_data\ai_gen\sora\28.mp4,fake
C:\Users\Yash\Desktop\CS\Projects\AIGeneratedVideoDetection\data\AEGIS\hard_test_set_video\test_data\ai_gen\sora\29.mp4,fake
C:\Users\Yash\Desktop\CS\Projects\AIGeneratedVideoDetection\data\AEGIS\hard_test_set_video\test_data\ai_gen\sora\3.mp4,fake
C:\Users\Yash\Desktop\CS\Projects\AIGeneratedVideoDetection\data\AEGIS\hard_test_set_video\test_data\ai_gen\sora\30.mp4,fake
C:\Users\Yash\Desktop\CS\Projects\AIGeneratedVideoDetection\data\AEGIS\hard_test_set_video\test_data\ai_gen\sora\31.mp4,fake
C:\Users\Yash\Desktop\CS\Projects\AIGeneratedVideoDetection\data\AEGIS\hard_test_set_video\test_data\ai_gen\sora\32.mp4,fake
C:\Users\Yash\Desktop\CS\Projects\AIGeneratedVideoDetection\data\AEGIS\hard_test_set_video\test_data\ai_gen\sora\33.mp4,fake
C:\Users\Yash\Desktop\CS\Projects\AIGeneratedVideoDetection\data\AEGIS\hard_test_set_video\test_data\ai_gen\sora\34.mp4,fake
C:\Users\Yash\Desktop\CS\Projects\AIGeneratedVideoDetection\data\AEGIS\hard_test_set_video\test_data\ai_gen\sora\35.mp4,fake
C:\Users\Yash\Desktop\CS\Projects\AIGeneratedVideoDetection\data\AEGIS\hard_test_set_video\test_data\ai_gen\sora\36.mp4,fake
C:\Users\Yash\Desktop\CS\Projects\AIGeneratedVideoDetection\data\AEGIS\hard_test_set_video\test_data\ai_gen\sora\37.mp4,fake
C:\Users\Yash\Desktop\CS\Projects\AIGeneratedVideoDetection\data\AEGIS\hard_test_set_video\test_data\ai_gen\sora\38.mp4,fake
C:\Users\Yash\Desktop\CS\Projects\AIGeneratedVideoDetection\data\AEGIS\hard_test_set_video\test_data\ai_gen\sora\39.mp4,fake
C:\Users\Yash\Desktop\CS\Projects\AIGeneratedVideoDetection\data\AEGIS\hard_test_set_video\test_data\ai_gen\sora\4.mp4,fake
C:\Users\Yash\Desktop\CS\Projects\AIGeneratedVideoDetection\data\AEGIS\hard_test_set_video\test_data\ai_gen\sora\40.mp4,fake
C:\Users\Yash\Desktop\CS\Projects\AIGeneratedVideoDetection\data\AEGIS\hard_test_set_video\test_data\ai_gen\sora\5.mp4,fake
C:\Users\Yash\Desktop\CS\Projects\AIGeneratedVideoDetection\data\AEGIS\hard_test_set_video\test_data\ai_gen\sora\6.mp4,fake
C:\Users\Yash\Desktop\CS\Projects\AIGeneratedVideoDetection\data\AEGIS\hard_test_set_video\test_data\ai_gen\sora\61.mp4,fake
C:\Users\Yash\Desktop\CS\Projects\AIGeneratedVideoDetection\data\AEGIS\hard_test_set_video\test_data\ai_gen\sora\62.mp4,fake
C:\Users\Yash\Desktop\CS\Projects\AIGeneratedVideoDetection\data\AEGIS\hard_test_set_video\test_data\ai_gen\sora\63.mp4,fake
C:\Users\Yash\Desktop\CS\Projects\AIGeneratedVideoDetection\data\AEGIS\hard_test_set_video\test_data\ai_gen\sora\64.mp4,fake
C:\Users\Yash\Desktop\CS\Projects\AIGeneratedVideoDetection\data\AEGIS\hard_test_set_video\test_data\ai_gen\sora\65.mp4,fake
C:\Users\Yash\Desktop\CS\Projects\AIGeneratedVideoDetection\data\AEGIS\hard_test_set_video\test_data\ai_gen\sora\66.mp4,fake
C:\Users\Yash\Desktop\CS\Projects\AIGeneratedVideoDetection\data\AEGIS\hard_test_set_video\test_data\ai_gen\sora\67.mp4,fake
C:\Users\Yash\Desktop\CS\Projects\AIGeneratedVideoDetection\data\AEGIS\hard_test_set_video\test_data\ai_gen\sora\68.mp4,fake
C:\Users\Yash\Desktop\CS\Projects\AIGeneratedVideoDetection\data\AEGIS\hard_test_set_video\test_data\ai_gen\sora\69.mp4,fake
C:\Users\Yash\Desktop\CS\Projects\AIGeneratedVideoDetection\data\AEGIS\hard_test_set_video\test_data\ai_gen\sora\7.mp4,fake
C:\Users\Yash\Desktop\CS\Projects\AIGeneratedVideoDetection\data\AEGIS\hard_test_set_video\test_data\ai_gen\sora\70.mp4,fake
C:\Users\Yash\Desktop\CS\Projects\AIGeneratedVideoDetection\data\AEGIS\hard_test_set_video\test_data\ai_gen\sora\72.mp4,fake
C:\Users\Yash\Desktop\CS\Projects\AIGeneratedVideoDetection\data\AEGIS\hard_test_set_video\test_data\ai_gen\sora\73.mp4,fake
C:\Users\Yash\Desktop\CS\Projects\AIGeneratedVideoDetection\data\AEGIS\hard_test_set_video\test_data\ai_gen\sora\74.mp4,fake
C:\Users\Yash\Desktop\CS\Projects\AIGeneratedVideoDetection\data\AEGIS\hard_test_set_video\test_data\ai_gen\sora\75.mp4,fake
C:\Users\Yash\Desktop\CS\Projects\AIGeneratedVideoDetection\data\AEGIS\hard_test_set_video\test_data\ai_gen\sora\76.mp4,fake
C:\Users\Yash\Desktop\CS\Projects\AIGeneratedVideoDetection\data\AEGIS\hard_test_set_video\test_data\ai_gen\sora\77.mp4,fake
C:\Users\Yash\Desktop\CS\Projects\AIGeneratedVideoDetection\data\AEGIS\hard_test_set_video\test_data\ai_gen\sora\78.mp4,fake
C:\Users\Yash\Desktop\CS\Projects\AIGeneratedVideoDetection\data\AEGIS\hard_test_set_video\test_data\ai_gen\sora\79.mp4,fake
C:\Users\Yash\Desktop\CS\Projects\AIGeneratedVideoDetection\data\AEGIS\hard_test_set_video\test_data\ai_gen\sora\8.mp4,fake
C:\Users\Yash\Desktop\CS\Projects\AIGeneratedVideoDetection\data\AEGIS\hard_test_set_video\test_data\ai_gen\sora\80.mp4,fake
C:\Users\Yash\Desktop\CS\Projects\AIGeneratedVideoDetection\data\AEGIS\hard_test_set_video\test_data\ai_gen\sora\81.mp4,fake
C:\Users\Yash\Desktop\CS\Projects\AIGeneratedVideoDetection\data\AEGIS\hard_test_set_video\test_data\ai_gen\sora\83.mp4,fake
C:\Users\Yash\Desktop\CS\Projects\AIGeneratedVideoDetection\data\AEGIS\hard_test_set_video\test_data\ai_gen\sora\84.mp4,fake
C:\Users\Yash\Desktop\CS\Projects\AIGeneratedVideoDetection\data\AEGIS\hard_test_set_video\test_data\ai_gen\sora\85.mp4,fake
C:\Users\Yash\Desktop\CS\Projects\AIGeneratedVideoDetection\data\AEGIS\hard_test_set_video\test_data\ai_gen\sora\86.mp4,fake
C:\Users\Yash\Desktop\CS\Projects\AIGeneratedVideoDetection\data\AEGIS\hard_test_set_video\test_data\ai_gen\sora\87.mp4,fake
C:\Users\Yash\Desktop\CS\Projects\AIGeneratedVideoDetection\data\AEGIS\hard_test_set_video\test_data\ai_gen\sora\88.mp4,fake
C:\Users\Yash\Desktop\CS\Projects\AIGeneratedVideoDetection\data\AEGIS\hard_test_set_video\test_data\ai_gen\sora\89.mp4,fake
C:\Users\Yash\Desktop\CS\Projects\AIGeneratedVideoDetection\data\AEGIS\hard_test_set_video\test_data\ai_gen\sora\9.mp4,fake
C:\Users\Yash\Desktop\CS\Projects\AIGeneratedVideoDetection\data\AEGIS\hard_test_set_video\test_data\ai_gen\sora\90.mp4,fake
C:\Users\Yash\Desktop\CS\Projects\AIGeneratedVideoDetection\data\AEGIS\hard_test_set_video\test_data\ai_gen\sora\91.mp4,fake
C:\Users\Yash\Desktop\CS\Projects\AIGeneratedVideoDetection\data\AEGIS\hard_test_set_video\test_data\ai_gen\sora\92.mp4,fake
C:\Users\Yash\Desktop\CS\Projects\AIGeneratedVideoDetection\data\AEGIS\hard_test_set_video\test_data\ai_gen\sora\93.mp4,fake
C:\Users\Yash\Desktop\CS\Projects\AIGeneratedVideoDetection\data\AEGIS\hard_test_set_video\test_data\ai_gen\sora\94.mp4,fake
C:\Users\Yash\Desktop\CS\Projects\AIGeneratedVideoDetection\data\AEGIS\hard_test_set_video\test_data\ai_gen\sora\95.mp4,fake
C:\Users\Yash\Desktop\CS\Projects\AIGeneratedVideoDetection\data\AEGIS\hard_test_set_video\test_data\ai_gen\sora\96.mp4,fake
C:\Users\Yash\Desktop\CS\Projects\AIGeneratedVideoDetection\data\AEGIS\hard_test_set_video\test_data\ai_gen\sora\97.mp4,fake
C:\Users\Yash\Desktop\CS\Projects\AIGeneratedVideoDetection\data\AEGIS\hard_test_set_video\test_data\ai_gen\sora\98.mp4,fake
C:\Users\Yash\Desktop\CS\Projects\AIGeneratedVideoDetection\data\AEGIS\hard_test_set_video\test_data\ai_gen\sora\99.mp4,fake
C:\Users\Yash\Desktop\CS\Projects\AIGeneratedVideoDetection\data\AEGIS\hard_test_set_video\test_data\ai_gen\sora\Sora_i2v_1.mp4,fake
C:\Users\Yash\Desktop\CS\Projects\AIGeneratedVideoDetection\data\AEGIS\hard_test_set_video\test_data\ai_gen\sora\Sora_i2v_2.mp4,fake
C:\Users\Yash\Desktop\CS\Projects\AIGeneratedVideoDetection\data\AEGIS\hard_test_set_video\test_data\ai_gen\sora\Sora_i2v_3.mp4,fake
C:\Users\Yash\Desktop\CS\Projects\AIGeneratedVideoDetection\data\AEGIS\hard_test_set_video\test_data\ai_gen\sora\Sora_i2v_4.mp4,fake
C:\Users\Yash\Desktop\CS\Projects\AIGeneratedVideoDetection\data\AEGIS\hard_test_set_video\test_data\ai_gen\sora\Sora_video1.mp4,fake
C:\Users\Yash\Desktop\CS\Projects\AIGeneratedVideoDetection\data\AEGIS\hard_test_set_video\test_data\ai_gen\sora\Sora_video10.mp4,fake
C:\Users\Yash\Desktop\CS\Projects\AIGeneratedVideoDetection\data\AEGIS\hard_test_set_video\test_data\ai_gen\sora\Sora_video11.mp4,fake
C:\Users\Yash\Desktop\CS\Projects\AIGeneratedVideoDetection\data\AEGIS\hard_test_set_video\test_data\ai_gen\sora\Sora_video2.mp4,fake
C:\Users\Yash\Desktop\CS\Projects\AIGeneratedVideoDetection\data\AEGIS\hard_test_set_video\test_data\ai_gen\sora\Sora_video3.mp4,fake
C:\Users\Yash\Desktop\CS\Projects\AIGeneratedVideoDetection\data\AEGIS\hard_test_set_video\test_data\ai_gen\sora\Sora_video4.mp4,fake
C:\Users\Yash\Desktop\CS\Projects\AIGeneratedVideoDetection\data\AEGIS\hard_test_set_video\test_data\ai_gen\sora\Sora_video5.mp4,fake
C:\Users\Yash\Desktop\CS\Projects\AIGeneratedVideoDetection\data\AEGIS\hard_test_set_video\test_data\ai_gen\sora\Sora_video6.mp4,fake
C:\Users\Yash\Desktop\CS\Projects\AIGeneratedVideoDetection\data\AEGIS\hard_test_set_video\test_data\ai_gen\sora\Sora_video7.mp4,fake
C:\Users\Yash\Desktop\CS\Projects\AIGeneratedVideoDetection\data\AEGIS\hard_test_set_video\test_data\ai_gen\sora\Sora_video8.mp4,fake
C:\Users\Yash\Desktop\CS\Projects\AIGeneratedVideoDetection\data\AEGIS\hard_test_set_video\test_data\ai_gen\sora\Sora_video9.mp4,fake
C:\Users\Yash\Desktop\CS\Projects\AIGeneratedVideoDetection\data\AEGIS\hard_test_set_video\test_data\real\dvf\1_20.mp4,real
C:\Users\Yash\Desktop\CS\Projects\AIGeneratedVideoDetection\data\AEGIS\hard_test_set_video\test_data\real\dvf\1_26.mp4,real
C:\Users\Yash\Desktop\CS\Projects\AIGeneratedVideoDetection\data\AEGIS\hard_test_set_video\test_data\real\dvf\1_4.mp4,real
C:\Users\Yash\Desktop\CS\Projects\AIGeneratedVideoDetection\data\AEGIS\hard_test_set_video\test_data\real\dvf\1_46.mp4,real
C:\Users\Yash\Desktop\CS\Projects\AIGeneratedVideoDetection\data\AEGIS\hard_test_set_video\test_data\real\dvf\1_54.mp4,real
C:\Users\Yash\Desktop\CS\Projects\AIGeneratedVideoDetection\data\AEGIS\hard_test_set_video\test_data\real\dvf\1_8.mp4,real
C:\Users\Yash\Desktop\CS\Projects\AIGeneratedVideoDetection\data\AEGIS\hard_test_set_video\test_data\real\dvf\2_1.mp4,real
C:\Users\Yash\Desktop\CS\Projects\AIGeneratedVideoDetection\data\AEGIS\hard_test_set_video\test_data\real\dvf\2_2.mp4,real
C:\Users\Yash\Desktop\CS\Projects\AIGeneratedVideoDetection\data\AEGIS\hard_test_set_video\test_data\real\dvf\2_20.mp4,real
C:\Users\Yash\Desktop\CS\Projects\AIGeneratedVideoDetection\data\AEGIS\hard_test_set_video\test_data\real\dvf\2_40.mp4,real
C:\Users\Yash\Desktop\CS\Projects\AIGeneratedVideoDetection\data\AEGIS\hard_test_set_video\test_data\real\dvf\2_42.mp4,real
C:\Users\Yash\Desktop\CS\Projects\AIGeneratedVideoDetection\data\AEGIS\hard_test_set_video\test_data\real\dvf\2_45.mp4,real
C:\Users\Yash\Desktop\CS\Projects\AIGeneratedVideoDetection\data\AEGIS\hard_test_set_video\test_data\real\dvf\2_62.mp4,real
C:\Users\Yash\Desktop\CS\Projects\AIGeneratedVideoDetection\data\AEGIS\hard_test_set_video\test_data\real\dvf\2_85.mp4,real
C:\Users\Yash\Desktop\CS\Projects\AIGeneratedVideoDetection\data\AEGIS\hard_test_set_video\test_data\real\dvf\2_88.mp4,real
C:\Users\Yash\Desktop\CS\Projects\AIGeneratedVideoDetection\data\AEGIS\hard_test_set_video\test_data\real\dvf\3_34.mp4,real
C:\Users\Yash\Desktop\CS\Projects\AIGeneratedVideoDetection\data\AEGIS\hard_test_set_video\test_data\real\dvf\3_38.mp4,real
C:\Users\Yash\Desktop\CS\Projects\AIGeneratedVideoDetection\data\AEGIS\hard_test_set_video\test_data\real\dvf\3_40.mp4,real
C:\Users\Yash\Desktop\CS\Projects\AIGeneratedVideoDetection\data\AEGIS\hard_test_set_video\test_data\real\dvf\3_42.mp4,real
C:\Users\Yash\Desktop\CS\Projects\AIGeneratedVideoDetection\data\AEGIS\hard_test_set_video\test_data\real\dvf\3_51.mp4,real
C:\Users\Yash\Desktop\CS\Projects\AIGeneratedVideoDetection\data\AEGIS\hard_test_set_video\test_data\real\dvf\3_55.mp4,real
C:\Users\Yash\Desktop\CS\Projects\AIGeneratedVideoDetection\data\AEGIS\hard_test_set_video\test_data\real\dvf\3_56.mp4,real
C:\Users\Yash\Desktop\CS\Projects\AIGeneratedVideoDetection\data\AEGIS\hard_test_set_video\test_data\real\dvf\3_62.mp4,real
C:\Users\Yash\Desktop\CS\Projects\AIGeneratedVideoDetection\data\AEGIS\hard_test_set_video\test_data\real\dvf\3_63.mp4,real
C:\Users\Yash\Desktop\CS\Projects\AIGeneratedVideoDetection\data\AEGIS\hard_test_set_video\test_data\real\dvf\3_68.mp4,real
C:\Users\Yash\Desktop\CS\Projects\AIGeneratedVideoDetection\data\AEGIS\hard_test_set_video\test_data\real\dvf\3_8.mp4,real
C:\Users\Yash\Desktop\CS\Projects\AIGeneratedVideoDetection\data\AEGIS\hard_test_set_video\test_data\real\dvf\4_1.mp4,real
C:\Users\Yash\Desktop\CS\Projects\AIGeneratedVideoDetection\data\AEGIS\hard_test_set_video\test_data\real\dvf\4_12.mp4,real
C:\Users\Yash\Desktop\CS\Projects\AIGeneratedVideoDetection\data\AEGIS\hard_test_set_video\test_data\real\dvf\4_13.mp4,real
C:\Users\Yash\Desktop\CS\Projects\AIGeneratedVideoDetection\data\AEGIS\hard_test_set_video\test_data\real\dvf\4_21.mp4,real
C:\Users\Yash\Desktop\CS\Projects\AIGeneratedVideoDetection\data\AEGIS\hard_test_set_video\test_data\real\dvf\4_41.mp4,real
C:\Users\Yash\Desktop\CS\Projects\AIGeneratedVideoDetection\data\AEGIS\hard_test_set_video\test_data\real\dvf\4_5.mp4,real
C:\Users\Yash\Desktop\CS\Projects\AIGeneratedVideoDetection\data\AEGIS\hard_test_set_video\test_data\real\dvf\4_50.mp4,real
C:\Users\Yash\Desktop\CS\Projects\AIGeneratedVideoDetection\data\AEGIS\hard_test_set_video\test_data\real\dvf\4_52.mp4,real
C:\Users\Yash\Desktop\CS\Projects\AIGeneratedVideoDetection\data\AEGIS\hard_test_set_video\test_data\real\dvf\4_54.mp4,real
C:\Users\Yash\Desktop\CS\Projects\AIGeneratedVideoDetection\data\AEGIS\hard_test_set_video\test_data\real\dvf\4_8.mp4,real
C:\Users\Yash\Desktop\CS\Projects\AIGeneratedVideoDetection\data\AEGIS\hard_test_set_video\test_data\real\dvf\5_118.mp4,real
C:\Users\Yash\Desktop\CS\Projects\AIGeneratedVideoDetection\data\AEGIS\hard_test_set_video\test_data\real\dvf\5_120.mp4,real
C:\Users\Yash\Desktop\CS\Projects\AIGeneratedVideoDetection\data\AEGIS\hard_test_set_video\test_data\real\dvf\5_121.mp4,real
C:\Users\Yash\Desktop\CS\Projects\AIGeneratedVideoDetection\data\AEGIS\hard_test_set_video\test_data\real\dvf\5_18.mp4,real
C:\Users\Yash\Desktop\CS\Projects\AIGeneratedVideoDetection\data\AEGIS\hard_test_set_video\test_data\real\dvf\5_21.mp4,real
C:\Users\Yash\Desktop\CS\Projects\AIGeneratedVideoDetection\data\AEGIS\hard_test_set_video\test_data\real\dvf\5_26.mp4,real
C:\Users\Yash\Desktop\CS\Projects\AIGeneratedVideoDetection\data\AEGIS\hard_test_set_video\test_data\real\dvf\5_44.mp4,real
C:\Users\Yash\Desktop\CS\Projects\AIGeneratedVideoDetection\data\AEGIS\hard_test_set_video\test_data\real\dvf\5_45.mp4,real
C:\Users\Yash\Desktop\CS\Projects\AIGeneratedVideoDetection\data\AEGIS\hard_test_set_video\test_data\real\dvf\5_51.mp4,real
C:\Users\Yash\Desktop\CS\Projects\AIGeneratedVideoDetection\data\AEGIS\hard_test_set_video\test_data\real\dvf\5_52.mp4,real
C:\Users\Yash\Desktop\CS\Projects\AIGeneratedVideoDetection\data\AEGIS\hard_test_set_video\test_data\real\dvf\5_63.mp4,real
C:\Users\Yash\Desktop\CS\Projects\AIGeneratedVideoDetection\data\AEGIS\hard_test_set_video\test_data\real\dvf\5_69.mp4,real
C:\Users\Yash\Desktop\CS\Projects\AIGeneratedVideoDetection\data\AEGIS\hard_test_set_video\test_data\real\dvf\5_74.mp4,real
C:\Users\Yash\Desktop\CS\Projects\AIGeneratedVideoDetection\data\AEGIS\hard_test_set_video\test_data\real\dvf\5_77.mp4,real
C:\Users\Yash\Desktop\CS\Projects\AIGeneratedVideoDetection\data\AEGIS\hard_test_set_video\test_data\real\dvf\5_78.mp4,real
C:\Users\Yash\Desktop\CS\Projects\AIGeneratedVideoDetection\data\AEGIS\hard_test_set_video\test_data\real\dvf\5_86.mp4,real
C:\Users\Yash\Desktop\CS\Projects\AIGeneratedVideoDetection\data\AEGIS\hard_test_set_video\test_data\real\dvf\5_88.mp4,real
C:\Users\Yash\Desktop\CS\Projects\AIGeneratedVideoDetection\data\AEGIS\hard_test_set_video\test_data\real\dvf\5_92.mp4,real
C:\Users\Yash\Desktop\CS\Projects\AIGeneratedVideoDetection\data\AEGIS\hard_test_set_video\test_data\real\dvf\6_13.mp4,real
C:\Users\Yash\Desktop\CS\Projects\AIGeneratedVideoDetection\data\AEGIS\hard_test_set_video\test_data\real\dvf\6_16.mp4,real
C:\Users\Yash\Desktop\CS\Projects\AIGeneratedVideoDetection\data\AEGIS\hard_test_set_video\test_data\real\dvf\6_2.mp4,real
C:\Users\Yash\Desktop\CS\Projects\AIGeneratedVideoDetection\data\AEGIS\hard_test_set_video\test_data\real\dvf\6_9.mp4,real
C:\Users\Yash\Desktop\CS\Projects\AIGeneratedVideoDetection\data\AEGIS\hard_test_set_video\test_data\real\dvf\7_11.mp4,real
C:\Users\Yash\Desktop\CS\Projects\AIGeneratedVideoDetection\data\AEGIS\hard_test_set_video\test_data\real\dvf\7_126.mp4,real
C:\Users\Yash\Desktop\CS\Projects\AIGeneratedVideoDetection\data\AEGIS\hard_test_set_video\test_data\real\dvf\7_129.mp4,real
C:\Users\Yash\Desktop\CS\Projects\AIGeneratedVideoDetection\data\AEGIS\hard_test_set_video\test_data\real\dvf\7_132.mp4,real
C:\Users\Yash\Desktop\CS\Projects\AIGeneratedVideoDetection\data\AEGIS\hard_test_set_video\test_data\real\dvf\7_135.mp4,real
C:\Users\Yash\Desktop\CS\Projects\AIGeneratedVideoDetection\data\AEGIS\hard_test_set_video\test_data\real\dvf\7_164.mp4,real
C:\Users\Yash\Desktop\CS\Projects\AIGeneratedVideoDetection\data\AEGIS\hard_test_set_video\test_data\real\dvf\7_180.mp4,real
C:\Users\Yash\Desktop\CS\Projects\AIGeneratedVideoDetection\data\AEGIS\hard_test_set_video\test_data\real\dvf\7_182.mp4,real
C:\Users\Yash\Desktop\CS\Projects\AIGeneratedVideoDetection\data\AEGIS\hard_test_set_video\test_data\real\dvf\7_199.mp4,real
C:\Users\Yash\Desktop\CS\Projects\AIGeneratedVideoDetection\data\AEGIS\hard_test_set_video\test_data\real\dvf\7_224.mp4,real
C:\Users\Yash\Desktop\CS\Projects\AIGeneratedVideoDetection\data\AEGIS\hard_test_set_video\test_data\real\dvf\7_234.mp4,real
C:\Users\Yash\Desktop\CS\Projects\AIGeneratedVideoDetection\data\AEGIS\hard_test_set_video\test_data\real\dvf\7_243.mp4,real
C:\Users\Yash\Desktop\CS\Projects\AIGeneratedVideoDetection\data\AEGIS\hard_test_set_video\test_data\real\dvf\7_25.mp4,real
C:\Users\Yash\Desktop\CS\Projects\AIGeneratedVideoDetection\data\AEGIS\hard_test_set_video\test_data\real\dvf\7_250.mp4,real
C:\Users\Yash\Desktop\CS\Projects\AIGeneratedVideoDetection\data\AEGIS\hard_test_set_video\test_data\real\dvf\7_256.mp4,real
C:\Users\Yash\Desktop\CS\Projects\AIGeneratedVideoDetection\data\AEGIS\hard_test_set_video\test_data\real\dvf\7_280.mp4,real
C:\Users\Yash\Desktop\CS\Projects\AIGeneratedVideoDetection\data\AEGIS\hard_test_set_video\test_data\real\dvf\7_284.mp4,real
C:\Users\Yash\Desktop\CS\Projects\AIGeneratedVideoDetection\data\AEGIS\hard_test_set_video\test_data\real\dvf\7_30.mp4,real
C:\Users\Yash\Desktop\CS\Projects\AIGeneratedVideoDetection\data\AEGIS\hard_test_set_video\test_data\real\dvf\7_310.mp4,real
C:\Users\Yash\Desktop\CS\Projects\AIGeneratedVideoDetection\data\AEGIS\hard_test_set_video\test_data\real\dvf\7_313.mp4,real
C:\Users\Yash\Desktop\CS\Projects\AIGeneratedVideoDetection\data\AEGIS\hard_test_set_video\test_data\real\dvf\7_314.mp4,real
C:\Users\Yash\Desktop\CS\Projects\AIGeneratedVideoDetection\data\AEGIS\hard_test_set_video\test_data\real\dvf\7_316.mp4,real
C:\Users\Yash\Desktop\CS\Projects\AIGeneratedVideoDetection\data\AEGIS\hard_test_set_video\test_data\real\dvf\7_334.mp4,real
C:\Users\Yash\Desktop\CS\Projects\AIGeneratedVideoDetection\data\AEGIS\hard_test_set_video\test_data\real\dvf\7_344.mp4,real
C:\Users\Yash\Desktop\CS\Projects\AIGeneratedVideoDetection\data\AEGIS\hard_test_set_video\test_data\real\dvf\7_346.mp4,real
C:\Users\Yash\Desktop\CS\Projects\AIGeneratedVideoDetection\data\AEGIS\hard_test_set_video\test_data\real\dvf\7_363.mp4,real
C:\Users\Yash\Desktop\CS\Projects\AIGeneratedVideoDetection\data\AEGIS\hard_test_set_video\test_data\real\dvf\7_370.mp4,real
C:\Users\Yash\Desktop\CS\Projects\AIGeneratedVideoDetection\data\AEGIS\hard_test_set_video\test_data\real\dvf\7_381.mp4,real
C:\Users\Yash\Desktop\CS\Projects\AIGeneratedVideoDetection\data\AEGIS\hard_test_set_video\test_data\real\dvf\7_388.mp4,real
C:\Users\Yash\Desktop\CS\Projects\AIGeneratedVideoDetection\data\AEGIS\hard_test_set_video\test_data\real\dvf\7_392.mp4,real
C:\Users\Yash\Desktop\CS\Projects\AIGeneratedVideoDetection\data\AEGIS\hard_test_set_video\test_data\real\dvf\7_396.mp4,real
C:\Users\Yash\Desktop\CS\Projects\AIGeneratedVideoDetection\data\AEGIS\hard_test_set_video\test_data\real\dvf\7_400.mp4,real
C:\Users\Yash\Desktop\CS\Projects\AIGeneratedVideoDetection\data\AEGIS\hard_test_set_video\test_data\real\dvf\7_407.mp4,real
C:\Users\Yash\Desktop\CS\Projects\AIGeneratedVideoDetection\data\AEGIS\hard_test_set_video\test_data\real\dvf\7_423.mp4,real
C:\Users\Yash\Desktop\CS\Projects\AIGeneratedVideoDetection\data\AEGIS\hard_test_set_video\test_data\real\dvf\7_441.mp4,real
C:\Users\Yash\Desktop\CS\Projects\AIGeneratedVideoDetection\data\AEGIS\hard_test_set_video\test_data\real\dvf\7_450.mp4,real
C:\Users\Yash\Desktop\CS\Projects\AIGeneratedVideoDetection\data\AEGIS\hard_test_set_video\test_data\real\dvf\7_453.mp4,real
C:\Users\Yash\Desktop\CS\Projects\AIGeneratedVideoDetection\data\AEGIS\hard_test_set_video\test_data\real\dvf\7_472.mp4,real
C:\Users\Yash\Desktop\CS\Projects\AIGeneratedVideoDetection\data\AEGIS\hard_test_set_video\test_data\real\dvf\7_478.mp4,real
C:\Users\Yash\Desktop\CS\Projects\AIGeneratedVideoDetection\data\AEGIS\hard_test_set_video\test_data\real\dvf\7_5.mp4,real
C:\Users\Yash\Desktop\CS\Projects\AIGeneratedVideoDetection\data\AEGIS\hard_test_set_video\test_data\real\dvf\7_524.mp4,real
C:\Users\Yash\Desktop\CS\Projects\AIGeneratedVideoDetection\data\AEGIS\hard_test_set_video\test_data\real\dvf\7_527.mp4,real
C:\Users\Yash\Desktop\CS\Projects\AIGeneratedVideoDetection\data\AEGIS\hard_test_set_video\test_data\real\dvf\7_528.mp4,real
C:\Users\Yash\Desktop\CS\Projects\AIGeneratedVideoDetection\data\AEGIS\hard_test_set_video\test_data\real\dvf\7_534.mp4,real
C:\Users\Yash\Desktop\CS\Projects\AIGeneratedVideoDetection\data\AEGIS\hard_test_set_video\test_data\real\dvf\7_539.mp4,real
C:\Users\Yash\Desktop\CS\Projects\AIGeneratedVideoDetection\data\AEGIS\hard_test_set_video\test_data\real\dvf\7_541.mp4,real
C:\Users\Yash\Desktop\CS\Projects\AIGeneratedVideoDetection\data\AEGIS\hard_test_set_video\test_data\real\dvf\7_549.mp4,real
C:\Users\Yash\Desktop\CS\Projects\AIGeneratedVideoDetection\data\AEGIS\hard_test_set_video\test_data\real\dvf\7_6.mp4,real
C:\Users\Yash\Desktop\CS\Projects\AIGeneratedVideoDetection\data\AEGIS\hard_test_set_video\test_data\real\dvf\7_77.mp4,real
C:\Users\Yash\Desktop\CS\Projects\AIGeneratedVideoDetection\data\AEGIS\hard_test_set_video\test_data\real\dvf\7_86.mp4,real
C:\Users\Yash\Desktop\CS\Projects\AIGeneratedVideoDetection\data\AEGIS\hard_test_set_video\test_data\real\dvf\7_94.mp4,real
C:\Users\Yash\Desktop\CS\Projects\AIGeneratedVideoDetection\data\AEGIS\hard_test_set_video\test_data\real\youtube\-EPgZN3cUlA.mp4,real
C:\Users\Yash\Desktop\CS\Projects\AIGeneratedVideoDetection\data\AEGIS\hard_test_set_video\test_data\real\youtube\-h6U123dHGo.mp4,real
C:\Users\Yash\Desktop\CS\Projects\AIGeneratedVideoDetection\data\AEGIS\hard_test_set_video\test_data\real\youtube\0cCC9gQUX9Y.mp4,real
C:\Users\Yash\Desktop\CS\Projects\AIGeneratedVideoDetection\data\AEGIS\hard_test_set_video\test_data\real\youtube\0E7MYnAXg6A.mp4,real
C:\Users\Yash\Desktop\CS\Projects\AIGeneratedVideoDetection\data\AEGIS\hard_test_set_video\test_data\real\youtube\0ZEGhsB3EXI.mp4,real
C:\Users\Yash\Desktop\CS\Projects\AIGeneratedVideoDetection\data\AEGIS\hard_test_set_video\test_data\real\youtube\2LxnPgejetI.mp4,real
C:\Users\Yash\Desktop\CS\Projects\AIGeneratedVideoDetection\data\AEGIS\hard_test_set_video\test_data\real\youtube\3NNQFdgvO-Y.mp4,real
C:\Users\Yash\Desktop\CS\Projects\AIGeneratedVideoDetection\data\AEGIS\hard_test_set_video\test_data\real\youtube\4A1zBkb3ySA.mp4,real
C:\Users\Yash\Desktop\CS\Projects\AIGeneratedVideoDetection\data\AEGIS\hard_test_set_video\test_data\real\youtube\52771yKS3As.mp4,real
C:\Users\Yash\Desktop\CS\Projects\AIGeneratedVideoDetection\data\AEGIS\hard_test_set_video\test_data\real\youtube\5FMB-wjX6yk.mp4,real
C:\Users\Yash\Desktop\CS\Projects\AIGeneratedVideoDetection\data\AEGIS\hard_test_set_video\test_data\real\youtube\5jmqHoXMfcc.mp4,real
C:\Users\Yash\Desktop\CS\Projects\AIGeneratedVideoDetection\data\AEGIS\hard_test_set_video\test_data\real\youtube\5RjMFG3Uw_4.mp4,real
C:\Users\Yash\Desktop\CS\Projects\AIGeneratedVideoDetection\data\AEGIS\hard_test_set_video\test_data\real\youtube\61_v0IEN-r8.mp4,real
C:\Users\Yash\Desktop\CS\Projects\AIGeneratedVideoDetection\data\AEGIS\hard_test_set_video\test_data\real\youtube\65a8p9rSw7U.mp4,real
C:\Users\Yash\Desktop\CS\Projects\AIGeneratedVideoDetection\data\AEGIS\hard_test_set_video\test_data\real\youtube\6qLpz93pNy8.mp4,real
C:\Users\Yash\Desktop\CS\Projects\AIGeneratedVideoDetection\data\AEGIS\hard_test_set_video\test_data\real\youtube\7D6rd0RoCjU.mp4,real
C:\Users\Yash\Desktop\CS\Projects\AIGeneratedVideoDetection\data\AEGIS\hard_test_set_video\test_data\real\youtube\83pD04DvnIU.mp4,real
C:\Users\Yash\Desktop\CS\Projects\AIGeneratedVideoDetection\data\AEGIS\hard_test_set_video\test_data\real\youtube\8V7czbc0kxg.mp4,real
C:\Users\Yash\Desktop\CS\Projects\AIGeneratedVideoDetection\data\AEGIS\hard_test_set_video\test_data\real\youtube\8zsPv93U4EA.mp4,real
C:\Users\Yash\Desktop\CS\Projects\AIGeneratedVideoDetection\data\AEGIS\hard_test_set_video\test_data\real\youtube\9CW_FXGpios.mp4,real
C:\Users\Yash\Desktop\CS\Projects\AIGeneratedVideoDetection\data\AEGIS\hard_test_set_video\test_data\real\youtube\9hYmLUK1I4Q.mp4,real
C:\Users\Yash\Desktop\CS\Projects\AIGeneratedVideoDetection\data\AEGIS\hard_test_set_video\test_data\real\youtube\9vN_htf-05w.mp4,real
C:\Users\Yash\Desktop\CS\Projects\AIGeneratedVideoDetection\data\AEGIS\hard_test_set_video\test_data\real\youtube\af2PMhKYBz0.mp4,real
C:\Users\Yash\Desktop\CS\Projects\AIGeneratedVideoDetection\data\AEGIS\hard_test_set_video\test_data\real\youtube\AFwQNIOP6mc.mp4,real
C:\Users\Yash\Desktop\CS\Projects\AIGeneratedVideoDetection\data\AEGIS\hard_test_set_video\test_data\real\youtube\aGqXZx_4J24.mp4,real
C:\Users\Yash\Desktop\CS\Projects\AIGeneratedVideoDetection\data\AEGIS\hard_test_set_video\test_data\real\youtube\AHGveHs0HPM.mp4,real
C:\Users\Yash\Desktop\CS\Projects\AIGeneratedVideoDetection\data\AEGIS\hard_test_set_video\test_data\real\youtube\aOREat2NjVw.mp4,real
C:\Users\Yash\Desktop\CS\Projects\AIGeneratedVideoDetection\data\AEGIS\hard_test_set_video\test_data\real\youtube\aSoy7K9-EzE.mp4,real
C:\Users\Yash\Desktop\CS\Projects\AIGeneratedVideoDetection\data\AEGIS\hard_test_set_video\test_data\real\youtube\aWD4MUk4J6Q.mp4,real
C:\Users\Yash\Desktop\CS\Projects\AIGeneratedVideoDetection\data\AEGIS\hard_test_set_video\test_data\real\youtube\B9W4p51F_88.mp4,real
C:\Users\Yash\Desktop\CS\Projects\AIGeneratedVideoDetection\data\AEGIS\hard_test_set_video\test_data\real\youtube\cATIGTyufsM.mp4,real
C:\Users\Yash\Desktop\CS\Projects\AIGeneratedVideoDetection\data\AEGIS\hard_test_set_video\test_data\real\youtube\Cc5PKVpXmdc.mp4,real
C:\Users\Yash\Desktop\CS\Projects\AIGeneratedVideoDetection\data\AEGIS\hard_test_set_video\test_data\real\youtube\CkKmWhtzYHU.mp4,real
C:\Users\Yash\Desktop\CS\Projects\AIGeneratedVideoDetection\data\AEGIS\hard_test_set_video\test_data\real\youtube\CNZufch7_Vg.mp4,real
C:\Users\Yash\Desktop\CS\Projects\AIGeneratedVideoDetection\data\AEGIS\hard_test_set_video\test_data\real\youtube\cP6-ENTSUlI.mp4,real
C:\Users\Yash\Desktop\CS\Projects\AIGeneratedVideoDetection\data\AEGIS\hard_test_set_video\test_data\real\youtube\D9tP9fI2zbE.mp4,real
C:\Users\Yash\Desktop\CS\Projects\AIGeneratedVideoDetection\data\AEGIS\hard_test_set_video\test_data\real\youtube\DEpIlZd9yIo.mp4,real
C:\Users\Yash\Desktop\CS\Projects\AIGeneratedVideoDetection\data\AEGIS\hard_test_set_video\test_data\real\youtube\dmi_5b2XvaE.mp4,real
C:\Users\Yash\Desktop\CS\Projects\AIGeneratedVideoDetection\data\AEGIS\hard_test_set_video\test_data\real\youtube\DPsmNCXiFZQ.mp4,real
C:\Users\Yash\Desktop\CS\Projects\AIGeneratedVideoDetection\data\AEGIS\hard_test_set_video\test_data\real\youtube\dSsu7DZLqcY.mp4,real
C:\Users\Yash\Desktop\CS\Projects\AIGeneratedVideoDetection\data\AEGIS\hard_test_set_video\test_data\real\youtube\d_kkmjsdl90.mp4,real
C:\Users\Yash\Desktop\CS\Projects\AIGeneratedVideoDetection\data\AEGIS\hard_test_set_video\test_data\real\youtube\EBt98ur6bN8.mp4,real
C:\Users\Yash\Desktop\CS\Projects\AIGeneratedVideoDetection\data\AEGIS\hard_test_set_video\test_data\real\youtube\EDgQBkQ_Sc0.mp4,real
C:\Users\Yash\Desktop\CS\Projects\AIGeneratedVideoDetection\data\AEGIS\hard_test_set_video\test_data\real\youtube\elQ4PV7Y3_U.mp4,real
C:\Users\Yash\Desktop\CS\Projects\AIGeneratedVideoDetection\data\AEGIS\hard_test_set_video\test_data\real\youtube\eqYjeF7qZ_w.mp4,real
C:\Users\Yash\Desktop\CS\Projects\AIGeneratedVideoDetection\data\AEGIS\hard_test_set_video\test_data\real\youtube\ez_bfPAZ28Y.mp4,real
C:\Users\Yash\Desktop\CS\Projects\AIGeneratedVideoDetection\data\AEGIS\hard_test_set_video\test_data\real\youtube\FnTUshbygyA.mp4,real
C:\Users\Yash\Desktop\CS\Projects\AIGeneratedVideoDetection\data\AEGIS\hard_test_set_video\test_data\real\youtube\G6Ee6udLwVE.mp4,real
C:\Users\Yash\Desktop\CS\Projects\AIGeneratedVideoDetection\data\AEGIS\hard_test_set_video\test_data\real\youtube\Gaq7qSnKpFA.mp4,real
C:\Users\Yash\Desktop\CS\Projects\AIGeneratedVideoDetection\data\AEGIS\hard_test_set_video\test_data\real\youtube\gFlXVX2af_Y.mp4,real
C:\Users\Yash\Desktop\CS\Projects\AIGeneratedVideoDetection\data\AEGIS\hard_test_set_video\test_data\real\youtube\gFlXVX2af_Y_001.mp4,real
C:\Users\Yash\Desktop\CS\Projects\AIGeneratedVideoDetection\data\AEGIS\hard_test_set_video\test_data\real\youtube\gFlXVX2af_Y_002.mp4,real
C:\Users\Yash\Desktop\CS\Projects\AIGeneratedVideoDetection\data\AEGIS\hard_test_set_video\test_data\real\youtube\h6XCQUuZQU4.mp4,real
C:\Users\Yash\Desktop\CS\Projects\AIGeneratedVideoDetection\data\AEGIS\hard_test_set_video\test_data\real\youtube\ivl1juO0l7c.mp4,real
C:\Users\Yash\Desktop\CS\Projects\AIGeneratedVideoDetection\data\AEGIS\hard_test_set_video\test_data\real\youtube\I_gwdOGFen4.mp4,real
C:\Users\Yash\Desktop\CS\Projects\AIGeneratedVideoDetection\data\AEGIS\hard_test_set_video\test_data\real\youtube\j3pYVEFrPQQ.mp4,real
C:\Users\Yash\Desktop\CS\Projects\AIGeneratedVideoDetection\data\AEGIS\hard_test_set_video\test_data\real\youtube\j_bx25ZSQtM.mp4,real
C:\Users\Yash\Desktop\CS\Projects\AIGeneratedVideoDetection\data\AEGIS\hard_test_set_video\test_data\real\youtube\kfrn0gm4Ip0.mp4,real
C:\Users\Yash\Desktop\CS\Projects\AIGeneratedVideoDetection\data\AEGIS\hard_test_set_video\test_data\real\youtube\kvTBnS_qwXU.mp4,real
C:\Users\Yash\Desktop\CS\Projects\AIGeneratedVideoDetection\data\AEGIS\hard_test_set_video\test_data\real\youtube\KXK1at-udX8.mp4,real
C:\Users\Yash\Desktop\CS\Projects\AIGeneratedVideoDetection\data\AEGIS\hard_test_set_video\test_data\real\youtube\lgk74cLnQ6k.mp4,real
C:\Users\Yash\Desktop\CS\Projects\AIGeneratedVideoDetection\data\AEGIS\hard_test_set_video\test_data\real\youtube\Lion king vs buffalo watches attacks #petpalsshowcase #lion #rurallife #buffalo #jungle #lioness [x8jiLo4-MHg].mp4,real
C:\Users\Yash\Desktop\CS\Projects\AIGeneratedVideoDetection\data\AEGIS\hard_test_set_video\test_data\real\youtube\mK1dha3h46o.mp4,real
C:\Users\Yash\Desktop\CS\Projects\AIGeneratedVideoDetection\data\AEGIS\hard_test_set_video\test_data\real\youtube\NeVtALv17Go.mp4,real
C:\Users\Yash\Desktop\CS\Projects\AIGeneratedVideoDetection\data\AEGIS\hard_test_set_video\test_data\real\youtube\o3bhQwY0KCY.mp4,real
C:\Users\Yash\Desktop\CS\Projects\AIGeneratedVideoDetection\data\AEGIS\hard_test_set_video\test_data\real\youtube\ONONq6ItXjs.mp4,real
C:\Users\Yash\Desktop\CS\Projects\AIGeneratedVideoDetection\data\AEGIS\hard_test_set_video\test_data\real\youtube\OQofUjcv2g8.mp4,real
C:\Users\Yash\Desktop\CS\Projects\AIGeneratedVideoDetection\data\AEGIS\hard_test_set_video\test_data\real\youtube\ovsvZzgx_sI.mp4,real
C:\Users\Yash\Desktop\CS\Projects\AIGeneratedVideoDetection\data\AEGIS\hard_test_set_video\test_data\real\youtube\P2g5oIntvBE.mp4,real
C:\Users\Yash\Desktop\CS\Projects\AIGeneratedVideoDetection\data\AEGIS\hard_test_set_video\test_data\real\youtube\PR9wl4Qve5E.mp4,real
C:\Users\Yash\Desktop\CS\Projects\AIGeneratedVideoDetection\data\AEGIS\hard_test_set_video\test_data\real\youtube\Ps5GVSP7p7w.mp4,real
C:\Users\Yash\Desktop\CS\Projects\AIGeneratedVideoDetection\data\AEGIS\hard_test_set_video\test_data\real\youtube\q9K3HidQejs.mp4,real
C:\Users\Yash\Desktop\CS\Projects\AIGeneratedVideoDetection\data\AEGIS\hard_test_set_video\test_data\real\youtube\QBG8SDB1lF8.mp4,real
C:\Users\Yash\Desktop\CS\Projects\AIGeneratedVideoDetection\data\AEGIS\hard_test_set_video\test_data\real\youtube\qDFrvC8oBW4.mp4,real
C:\Users\Yash\Desktop\CS\Projects\AIGeneratedVideoDetection\data\AEGIS\hard_test_set_video\test_data\real\youtube\qimiH1WxoUc.mp4,real
C:\Users\Yash\Desktop\CS\Projects\AIGeneratedVideoDetection\data\AEGIS\hard_test_set_video\test_data\real\youtube\r7oJ8F0Wolk.mp4,real
C:\Users\Yash\Desktop\CS\Projects\AIGeneratedVideoDetection\data\AEGIS\hard_test_set_video\test_data\real\youtube\RW4YOZeIl5s.mp4,real
C:\Users\Yash\Desktop\CS\Projects\AIGeneratedVideoDetection\data\AEGIS\hard_test_set_video\test_data\real\youtube\rxUm-2x-2dM.mp4,real
C:\Users\Yash\Desktop\CS\Projects\AIGeneratedVideoDetection\data\AEGIS\hard_test_set_video\test_data\real\youtube\S5nPGBtrzzc.mp4,real
C:\Users\Yash\Desktop\CS\Projects\AIGeneratedVideoDetection\data\AEGIS\hard_test_set_video\test_data\real\youtube\sCjvICzPciU.mp4,real
C:\Users\Yash\Desktop\CS\Projects\AIGeneratedVideoDetection\data\AEGIS\hard_test_set_video\test_data\real\youtube\sevZM2HLB_g.mp4,real
C:\Users\Yash\Desktop\CS\Projects\AIGeneratedVideoDetection\data\AEGIS\hard_test_set_video\test_data\real\youtube\TFUaBw2Bl54.mp4,real
C:\Users\Yash\Desktop\CS\Projects\AIGeneratedVideoDetection\data\AEGIS\hard_test_set_video\test_data\real\youtube\Tjss7uFrYmg.mp4,real
C:\Users\Yash\Desktop\CS\Projects\AIGeneratedVideoDetection\data\AEGIS\hard_test_set_video\test_data\real\youtube\TN5zxaMFnac.mp4,real
C:\Users\Yash\Desktop\CS\Projects\AIGeneratedVideoDetection\data\AEGIS\hard_test_set_video\test_data\real\youtube\Tt9QwcafZvU.mp4,real
C:\Users\Yash\Desktop\CS\Projects\AIGeneratedVideoDetection\data\AEGIS\hard_test_set_video\test_data\real\youtube\tuz7Gw4dpHY.mp4,real
C:\Users\Yash\Desktop\CS\Projects\AIGeneratedVideoDetection\data\AEGIS\hard_test_set_video\test_data\real\youtube\TyKlJbe1frc.mp4,real
C:\Users\Yash\Desktop\CS\Projects\AIGeneratedVideoDetection\data\AEGIS\hard_test_set_video\test_data\real\youtube\U4lT21qwbKI.mp4,real
C:\Users\Yash\Desktop\CS\Projects\AIGeneratedVideoDetection\data\AEGIS\hard_test_set_video\test_data\real\youtube\uhYLfK8GSr0.mp4,real
C:\Users\Yash\Desktop\CS\Projects\AIGeneratedVideoDetection\data\AEGIS\hard_test_set_video\test_data\real\youtube\UNdI8dtBicY.mp4,real
C:\Users\Yash\Desktop\CS\Projects\AIGeneratedVideoDetection\data\AEGIS\hard_test_set_video\test_data\real\youtube\uYWNkTP9L9A.mp4,real
C:\Users\Yash\Desktop\CS\Projects\AIGeneratedVideoDetection\data\AEGIS\hard_test_set_video\test_data\real\youtube\VKi8e8MBC0M.mp4,real
C:\Users\Yash\Desktop\CS\Projects\AIGeneratedVideoDetection\data\AEGIS\hard_test_set_video\test_data\real\youtube\w4Bk94tAlBg.mp4,real
C:\Users\Yash\Desktop\CS\Projects\AIGeneratedVideoDetection\data\AEGIS\hard_test_set_video\test_data\real\youtube\WBc4PnQiDvc.mp4,real
C:\Users\Yash\Desktop\CS\Projects\AIGeneratedVideoDetection\data\AEGIS\hard_test_set_video\test_data\real\youtube\WcMPj-4DK7w.mp4,real
C:\Users\Yash\Desktop\CS\Projects\AIGeneratedVideoDetection\data\AEGIS\hard_test_set_video\test_data\real\youtube\WE7aWwiNDFM.mp4,real
C:\Users\Yash\Desktop\CS\Projects\AIGeneratedVideoDetection\data\AEGIS\hard_test_set_video\test_data\real\youtube\wF3ARb46Pvk.mp4,real
C:\Users\Yash\Desktop\CS\Projects\AIGeneratedVideoDetection\data\AEGIS\hard_test_set_video\test_data\real\youtube\x8jiLo4-MHg.mp4,real
C:\Users\Yash\Desktop\CS\Projects\AIGeneratedVideoDetection\data\AEGIS\hard_test_set_video\test_data\real\youtube\XIEPnzQIh20.mp4,real
C:\Users\Yash\Desktop\CS\Projects\AIGeneratedVideoDetection\data\AEGIS\hard_test_set_video\test_data\real\youtube\XOdNX2hdow0.mp4,real
C:\Users\Yash\Desktop\CS\Projects\AIGeneratedVideoDetection\data\AEGIS\hard_test_set_video\test_data\real\youtube\x_i8BilSzNw.mp4,real
C:\Users\Yash\Desktop\CS\Projects\AIGeneratedVideoDetection\data\AEGIS\hard_test_set_video\test_data\real\youtube\Y4ufUshGKlk.mp4,real
C:\Users\Yash\Desktop\CS\Projects\AIGeneratedVideoDetection\data\AEGIS\hard_test_set_video\test_data\real\youtube\YCbvRk4utj4.mp4,real
C:\Users\Yash\Desktop\CS\Projects\AIGeneratedVideoDetection\data\AEGIS\hard_test_set_video\test_data\real\youtube\yonzfexr6V4.mp4,real
C:\Users\Yash\Desktop\CS\Projects\AIGeneratedVideoDetection\data\AEGIS\hard_test_set_video\test_data\real\youtube\zx1v27G95Wg.mp4,real
C:\Users\Yash\Desktop\CS\Projects\AIGeneratedVideoDetection\data\AEGIS\hard_test_set_video\test_data\real\youtube\zXdfGk9Q7T4.mp4,real
C:\Users\Yash\Desktop\CS\Projects\AIGeneratedVideoDetection\data\AEGIS\hard_test_set_video\test_data\real\youtube\_a5ClJfGaS0.mp4,real
C:\Users\Yash\Desktop\CS\Projects\AIGeneratedVideoDetection\data\AEGIS\hard_test_set_video\test_data\real\youtube\_bVZeOt7bCw.mp4,real
C:\Users\Yash\Desktop\CS\Projects\AIGeneratedVideoDetection\data\AEGIS\hard_test_set_video\test_data\real\youtube\_pOx6ucUJYc.mp4,real
